-- carga da tabela TB_UF
INSERT INTO TB_UF (ID,SIGLA) VALUES (1,'AC');
INSERT INTO TB_UF (ID,SIGLA) VALUES (2,'AL');
INSERT INTO TB_UF (ID,SIGLA) VALUES (3,'AM');
INSERT INTO TB_UF (ID,SIGLA) VALUES (4,'AP');
INSERT INTO TB_UF (ID,SIGLA) VALUES (5,'BA');
INSERT INTO TB_UF (ID,SIGLA) VALUES (6,'CE');
INSERT INTO TB_UF (ID,SIGLA) VALUES (7,'DF');
INSERT INTO TB_UF (ID,SIGLA) VALUES (8,'ES');
INSERT INTO TB_UF (ID,SIGLA) VALUES (9,'GO');
INSERT INTO TB_UF (ID,SIGLA) VALUES (10,'MA');
INSERT INTO TB_UF (ID,SIGLA) VALUES (11,'MG');
INSERT INTO TB_UF (ID,SIGLA) VALUES (12,'MS');
INSERT INTO TB_UF (ID,SIGLA) VALUES (13,'MT');
INSERT INTO TB_UF (ID,SIGLA) VALUES (14,'PA');
INSERT INTO TB_UF (ID,SIGLA) VALUES (15,'PB');
INSERT INTO TB_UF (ID,SIGLA) VALUES (16,'PE');
INSERT INTO TB_UF (ID,SIGLA) VALUES (17,'PI');
INSERT INTO TB_UF (ID,SIGLA) VALUES (18,'PR');
INSERT INTO TB_UF (ID,SIGLA) VALUES (19,'RJ');
INSERT INTO TB_UF (ID,SIGLA) VALUES (20,'RN');
INSERT INTO TB_UF (ID,SIGLA) VALUES (21,'RO');
INSERT INTO TB_UF (ID,SIGLA) VALUES (22,'RR');
INSERT INTO TB_UF (ID,SIGLA) VALUES (23,'RS');
INSERT INTO TB_UF (ID,SIGLA) VALUES (24,'SC');
INSERT INTO TB_UF (ID,SIGLA) VALUES (25,'SE');
INSERT INTO TB_UF (ID,SIGLA) VALUES (26,'SP');
INSERT INTO TB_UF (ID,SIGLA) VALUES (27,'TO');

-- carga da tabela TB_CIDADE
INSERT INTO TB_CIDADE (ID,NOME,ID_UF) VALUES (1,'Acrelandia',1);
INSERT INTO TB_CIDADE (ID,NOME,ID_UF) VALUES (2,'Assis Brasil',1);
INSERT INTO TB_CIDADE (ID,NOME,ID_UF) VALUES (3,'Brasileia',1);
INSERT INTO TB_CIDADE (ID,NOME,ID_UF) VALUES (6,'Cruzeiro do Sul',1);
INSERT INTO TB_CIDADE (ID,NOME,ID_UF) VALUES (7,'Epitaciolandia',1);
INSERT INTO TB_CIDADE (ID,NOME,ID_UF) VALUES (28,'Anum Novo',2);
INSERT INTO TB_CIDADE (ID,NOME,ID_UF) VALUES (29,'Anum Velho',2);
INSERT INTO TB_CIDADE (ID,NOME,ID_UF) VALUES (30,'Arapiraca',2);
INSERT INTO TB_CIDADE (ID,NOME,ID_UF) VALUES (31,'Atalaia',2);
INSERT INTO TB_CIDADE (ID,NOME,ID_UF) VALUES (32,'Baixa da Onca',2);
INSERT INTO TB_CIDADE (ID,NOME,ID_UF) VALUES (193,'Apui',3);
INSERT INTO TB_CIDADE (ID,NOME,ID_UF) VALUES (194,'Ariau',3);
INSERT INTO TB_CIDADE (ID,NOME,ID_UF) VALUES (195,'Atalaia do Norte',3);
INSERT INTO TB_CIDADE (ID,NOME,ID_UF) VALUES (196,'Augusto Montenegro',3);
INSERT INTO TB_CIDADE (ID,NOME,ID_UF) VALUES (197,'Autazes',3);
INSERT INTO TB_CIDADE (ID,NOME,ID_UF) VALUES (198,'Axinim',3);
INSERT INTO TB_CIDADE (ID,NOME,ID_UF) VALUES (280,'Aporema',4);
INSERT INTO TB_CIDADE (ID,NOME,ID_UF) VALUES (281,'Ariri',4);
INSERT INTO TB_CIDADE (ID,NOME,ID_UF) VALUES (282,'Bailique',4);
INSERT INTO TB_CIDADE (ID,NOME,ID_UF) VALUES (283,'Boca do Jari',4);
INSERT INTO TB_CIDADE (ID,NOME,ID_UF) VALUES (284,'Calcoene',4);
INSERT INTO TB_CIDADE (ID,NOME,ID_UF) VALUES (327,'Abrantes',5);
INSERT INTO TB_CIDADE (ID,NOME,ID_UF) VALUES (328,'Acajutiba',5);
INSERT INTO TB_CIDADE (ID,NOME,ID_UF) VALUES (329,'Acu da Torre',5);
INSERT INTO TB_CIDADE (ID,NOME,ID_UF) VALUES (330,'Acudina',5);
INSERT INTO TB_CIDADE (ID,NOME,ID_UF) VALUES (331,'Acupe',5);
INSERT INTO TB_CIDADE (ID,NOME,ID_UF) VALUES (1119,'Adrianopolis',6);
INSERT INTO TB_CIDADE (ID,NOME,ID_UF) VALUES (1120,'Agua Verde',6);
INSERT INTO TB_CIDADE (ID,NOME,ID_UF) VALUES (1121,'Aguai',6);
INSERT INTO TB_CIDADE (ID,NOME,ID_UF) VALUES (1122,'Aiua',6);
INSERT INTO TB_CIDADE (ID,NOME,ID_UF) VALUES (1123,'Aiuaba',6);
INSERT INTO TB_CIDADE (ID,NOME,ID_UF) VALUES (1729,'Gama',7);
INSERT INTO TB_CIDADE (ID,NOME,ID_UF) VALUES (1730,'Guara',7);
INSERT INTO TB_CIDADE (ID,NOME,ID_UF) VALUES (1731,'Lago Norte',7);
INSERT INTO TB_CIDADE (ID,NOME,ID_UF) VALUES (1732,'Lago Sul',7);
INSERT INTO TB_CIDADE (ID,NOME,ID_UF) VALUES (1733,'Nucleo Bandeirante',7);
INSERT INTO TB_CIDADE (ID,NOME,ID_UF) VALUES (1748,'Airituba',8);
INSERT INTO TB_CIDADE (ID,NOME,ID_UF) VALUES (1749,'Alegre',8);
INSERT INTO TB_CIDADE (ID,NOME,ID_UF) VALUES (1750,'Alfredo Chaves',8);
INSERT INTO TB_CIDADE (ID,NOME,ID_UF) VALUES (1751,'Alto Calcado',8);
INSERT INTO TB_CIDADE (ID,NOME,ID_UF) VALUES (1752,'Alto Caldeirao',8);
INSERT INTO TB_CIDADE (ID,NOME,ID_UF) VALUES (2102,'Domiciano Ribeiro',9);
INSERT INTO TB_CIDADE (ID,NOME,ID_UF) VALUES (2103,'Doverlandia',9);
INSERT INTO TB_CIDADE (ID,NOME,ID_UF) VALUES (2104,'Edealina',9);
INSERT INTO TB_CIDADE (ID,NOME,ID_UF) VALUES (2105,'Edeia',9);
INSERT INTO TB_CIDADE (ID,NOME,ID_UF) VALUES (2106,'Estrela do Norte',9);
INSERT INTO TB_CIDADE (ID,NOME,ID_UF) VALUES (2454,'Matoes do Norte',10);
INSERT INTO TB_CIDADE (ID,NOME,ID_UF) VALUES (2455,'Milagres do Maranhao',10);
INSERT INTO TB_CIDADE (ID,NOME,ID_UF) VALUES (2456,'Mirador',10);
INSERT INTO TB_CIDADE (ID,NOME,ID_UF) VALUES (2457,'Miranda do Norte',10);
INSERT INTO TB_CIDADE (ID,NOME,ID_UF) VALUES (2458,'Mirinzal',10);
INSERT INTO TB_CIDADE (ID,NOME,ID_UF) VALUES (2768,'Cachoeira de Pajeu',11);
INSERT INTO TB_CIDADE (ID,NOME,ID_UF) VALUES (2769,'Cachoeira de Santa Cruz',11);
INSERT INTO TB_CIDADE (ID,NOME,ID_UF) VALUES (2770,'Cachoeira do Brumado',11);
INSERT INTO TB_CIDADE (ID,NOME,ID_UF) VALUES (2771,'Cachoeira do Campo',11);
INSERT INTO TB_CIDADE (ID,NOME,ID_UF) VALUES (2772,'Cachoeira do Manteiga',11);
INSERT INTO TB_CIDADE (ID,NOME,ID_UF) VALUES (4070,'Bonito',12);
INSERT INTO TB_CIDADE (ID,NOME,ID_UF) VALUES (4071,'Boqueirao',12);
INSERT INTO TB_CIDADE (ID,NOME,ID_UF) VALUES (4072,'Brasilandia',12);
INSERT INTO TB_CIDADE (ID,NOME,ID_UF) VALUES (4073,'Caarapo',12);
INSERT INTO TB_CIDADE (ID,NOME,ID_UF) VALUES (4074,'Cabeceira do Apa',12);
INSERT INTO TB_CIDADE (ID,NOME,ID_UF) VALUES (4308,'Irenopolis',13);
INSERT INTO TB_CIDADE (ID,NOME,ID_UF) VALUES (4309,'Itamarati Norte',13);
INSERT INTO TB_CIDADE (ID,NOME,ID_UF) VALUES (4310,'Itauba',13);
INSERT INTO TB_CIDADE (ID,NOME,ID_UF) VALUES (4311,'Itiquira',13);
INSERT INTO TB_CIDADE (ID,NOME,ID_UF) VALUES (4312,'Jaciara',13);
INSERT INTO TB_CIDADE (ID,NOME,ID_UF) VALUES (4508,'Bom Jardim',14);
INSERT INTO TB_CIDADE (ID,NOME,ID_UF) VALUES (4509,'Bom Jesus do Tocantins',14);
INSERT INTO TB_CIDADE (ID,NOME,ID_UF) VALUES (4510,'Bonito',14);
INSERT INTO TB_CIDADE (ID,NOME,ID_UF) VALUES (4511,'Braganca',14);
INSERT INTO TB_CIDADE (ID,NOME,ID_UF) VALUES (4512,'Brasil Novo',14);
INSERT INTO TB_CIDADE (ID,NOME,ID_UF) VALUES (4898,'Junco do Serido',15);
INSERT INTO TB_CIDADE (ID,NOME,ID_UF) VALUES (4899,'Juripiranga',15);
INSERT INTO TB_CIDADE (ID,NOME,ID_UF) VALUES (4900,'Juru',15);
INSERT INTO TB_CIDADE (ID,NOME,ID_UF) VALUES (4901,'Lagoa',15);
INSERT INTO TB_CIDADE (ID,NOME,ID_UF) VALUES (4902,'Lagoa de Dentro',15);
INSERT INTO TB_CIDADE (ID,NOME,ID_UF) VALUES (5136,'Carice',16);
INSERT INTO TB_CIDADE (ID,NOME,ID_UF) VALUES (5137,'Carima',16);
INSERT INTO TB_CIDADE (ID,NOME,ID_UF) VALUES (5138,'Caririmirim',16);
INSERT INTO TB_CIDADE (ID,NOME,ID_UF) VALUES (5139,'Carnaiba',16);
INSERT INTO TB_CIDADE (ID,NOME,ID_UF) VALUES (5140,'Carnaubeira da Penha',16);
INSERT INTO TB_CIDADE (ID,NOME,ID_UF) VALUES (5488,'Caxingo',17);
INSERT INTO TB_CIDADE (ID,NOME,ID_UF) VALUES (5489,'Cocal',17);
INSERT INTO TB_CIDADE (ID,NOME,ID_UF) VALUES (5490,'Cocal de Telha',17);
INSERT INTO TB_CIDADE (ID,NOME,ID_UF) VALUES (5491,'Cocal dos Alves',17);
INSERT INTO TB_CIDADE (ID,NOME,ID_UF) VALUES (5492,'Coivaras',17);
INSERT INTO TB_CIDADE (ID,NOME,ID_UF) VALUES (5764,'Bocaiuva do Sul',18);
INSERT INTO TB_CIDADE (ID,NOME,ID_UF) VALUES (5765,'Bom Jardim do Sul',18);
INSERT INTO TB_CIDADE (ID,NOME,ID_UF) VALUES (5766,'Bom Jesus do Sul',18);
INSERT INTO TB_CIDADE (ID,NOME,ID_UF) VALUES (5767,'Bom Progresso',18);
INSERT INTO TB_CIDADE (ID,NOME,ID_UF) VALUES (5768,'Bom Retiro',18);
INSERT INTO TB_CIDADE (ID,NOME,ID_UF) VALUES (6724,'Cunhambebe',19);
INSERT INTO TB_CIDADE (ID,NOME,ID_UF) VALUES (6725,'Dorandia',19);
INSERT INTO TB_CIDADE (ID,NOME,ID_UF) VALUES (6726,'Dores de Macabu',19);
INSERT INTO TB_CIDADE (ID,NOME,ID_UF) VALUES (6727,'Doutor Elias',19);
INSERT INTO TB_CIDADE (ID,NOME,ID_UF) VALUES (6999,'Igreja Nova',20);
INSERT INTO TB_CIDADE (ID,NOME,ID_UF) VALUES (7000,'Ipanguacu',20);
INSERT INTO TB_CIDADE (ID,NOME,ID_UF) VALUES (7001,'Ipiranga',20);
INSERT INTO TB_CIDADE (ID,NOME,ID_UF) VALUES (7002,'Ipueira',20);
INSERT INTO TB_CIDADE (ID,NOME,ID_UF) VALUES (7003,'Itaja',20);
INSERT INTO TB_CIDADE (ID,NOME,ID_UF) VALUES (7161,'Nova Mamore',21);
INSERT INTO TB_CIDADE (ID,NOME,ID_UF) VALUES (7162,'Nova Uniao',21);
INSERT INTO TB_CIDADE (ID,NOME,ID_UF) VALUES (7163,'Nova Vida',21);
INSERT INTO TB_CIDADE (ID,NOME,ID_UF) VALUES (7164,'Novo Horizonte do Oeste',21);
INSERT INTO TB_CIDADE (ID,NOME,ID_UF) VALUES (7165,'Ouro Preto do Oeste',21);
INSERT INTO TB_CIDADE (ID,NOME,ID_UF) VALUES (7196,'Caracarai',22);
INSERT INTO TB_CIDADE (ID,NOME,ID_UF) VALUES (7197,'Caroebe',22);
INSERT INTO TB_CIDADE (ID,NOME,ID_UF) VALUES (7198,'Iracema',22);
INSERT INTO TB_CIDADE (ID,NOME,ID_UF) VALUES (7199,'Mucajai',22);
INSERT INTO TB_CIDADE (ID,NOME,ID_UF) VALUES (7200,'Normandia',22);
INSERT INTO TB_CIDADE (ID,NOME,ID_UF) VALUES (7625,'Lavras do Sul',23);
INSERT INTO TB_CIDADE (ID,NOME,ID_UF) VALUES (7626,'Leonel Rocha',23);
INSERT INTO TB_CIDADE (ID,NOME,ID_UF) VALUES (7627,'Liberato Salzano',23);
INSERT INTO TB_CIDADE (ID,NOME,ID_UF) VALUES (7628,'Lindolfo Collor',23);
INSERT INTO TB_CIDADE (ID,NOME,ID_UF) VALUES (7629,'Linha Comprida',23);
INSERT INTO TB_CIDADE (ID,NOME,ID_UF) VALUES (8129,'Barreiros',24);
INSERT INTO TB_CIDADE (ID,NOME,ID_UF) VALUES (8130,'Barro Branco',24);
INSERT INTO TB_CIDADE (ID,NOME,ID_UF) VALUES (8131,'Bateias de Baixo',24);
INSERT INTO TB_CIDADE (ID,NOME,ID_UF) VALUES (8132,'Bela Vista',24);
INSERT INTO TB_CIDADE (ID,NOME,ID_UF) VALUES (8133,'Bela Vista do Sul',24);
INSERT INTO TB_CIDADE (ID,NOME,ID_UF) VALUES (8557,'Japaratuba',25);
INSERT INTO TB_CIDADE (ID,NOME,ID_UF) VALUES (8558,'Japoata',25);
INSERT INTO TB_CIDADE (ID,NOME,ID_UF) VALUES (8559,'Lagarto',25);
INSERT INTO TB_CIDADE (ID,NOME,ID_UF) VALUES (8560,'Lagoa Funda',25);
INSERT INTO TB_CIDADE (ID,NOME,ID_UF) VALUES (8561,'Laranjeiras',25);
INSERT INTO TB_CIDADE (ID,NOME,ID_UF) VALUES (8643,'Amparo',26);
INSERT INTO TB_CIDADE (ID,NOME,ID_UF) VALUES (8644,'Ana Dias',26);
INSERT INTO TB_CIDADE (ID,NOME,ID_UF) VALUES (8645,'Analandia',26);
INSERT INTO TB_CIDADE (ID,NOME,ID_UF) VALUES (8646,'Anapolis',26);
INSERT INTO TB_CIDADE (ID,NOME,ID_UF) VALUES (8647,'Andes',26);
INSERT INTO TB_CIDADE (ID,NOME,ID_UF) VALUES (9673,'Porto Lemos',27);
INSERT INTO TB_CIDADE (ID,NOME,ID_UF) VALUES (9674,'Porto Nacional',27);
INSERT INTO TB_CIDADE (ID,NOME,ID_UF) VALUES (9675,'Praia Norte',27);
INSERT INTO TB_CIDADE (ID,NOME,ID_UF) VALUES (9676,'Presidente Kennedy',27);
INSERT INTO TB_CIDADE (ID,NOME,ID_UF) VALUES (9677,'Principe',27);

-- carga de projetos 
INSERT INTO TB_PROJETO (ID,NOME,SIGLA,CONCLUIDO) VALUES (1,'Gerenciador Eletrônico de Documentos','ged','F');
INSERT INTO TB_PROJETO (ID,NOME,SIGLA,CONCLUIDO) VALUES (2,'Framework TRT6-Common','common','F');
INSERT INTO TB_PROJETO (ID,NOME,SIGLA,CONCLUIDO) VALUES (3,'Processo Judiciário Eletrônico','PJE','F');
INSERT INTO TB_PROJETO (ID,NOME,SIGLA,CONCLUIDO) VALUES (4,'Hasta Pública Eletrônica','hasta','F');
INSERT INTO TB_PROJETO (ID,NOME,SIGLA,CONCLUIDO) VALUES (5,'Sistema Interno de Apoio ao Judiário','siaj','F');

-- pessoas
INSERT INTO TB_PESSOA (ID,NOME,ID_CIDADE,DT_NASCIMENTO,CPF,EMAIL) VALUES (1,'Fulaninho 1',1119,{d '1980-01-01'},'11111111111','fulano1@curso.com');
INSERT INTO TB_PESSOA (ID,NOME,ID_CIDADE,DT_NASCIMENTO,CPF,EMAIL) VALUES (2,'Fulaninho 2',281,{d '1980-01-01'},'22222222222','fulano2@curso.com');
INSERT INTO TB_PESSOA (ID,NOME,ID_CIDADE,DT_NASCIMENTO,CPF,EMAIL) VALUES (3,'Fulaninho 3',1733,{d '1980-01-01'},'33333333333','fulano3@curso.com');
INSERT INTO TB_PESSOA (ID,NOME,ID_CIDADE,DT_NASCIMENTO,CPF,EMAIL) VALUES (4,'Fulaninho 4',2105,{d '1980-01-01'},'44444444444','fulano4@curso.com');
INSERT INTO TB_PESSOA (ID,NOME,ID_CIDADE,DT_NASCIMENTO,CPF,EMAIL) VALUES (5,'Fulaninho 5',5490,{d '1980-01-01'},'55555555555','fulano5@curso.com');
INSERT INTO TB_PESSOA (ID,NOME,ID_CIDADE,DT_NASCIMENTO,CPF,EMAIL) VALUES (6,'Fulaninho 6',7164,{d '1980-01-01'},'66666666666','fulano6@curso.com');
INSERT INTO TB_PESSOA (ID,NOME,ID_CIDADE,DT_NASCIMENTO,CPF,EMAIL) VALUES (7,'Fulaninho 7',1119,{d '1980-01-01'},'77777777777','fulano7@curso.com');
INSERT INTO TB_PESSOA (ID,NOME,ID_CIDADE,DT_NASCIMENTO,CPF,EMAIL) VALUES (8,'Fulaninho 8',9677,{d '1980-01-01'},'88888888888','fulano8@curso.com');
INSERT INTO TB_PESSOA (ID,NOME,ID_CIDADE,DT_NASCIMENTO,CPF,EMAIL) VALUES (9,'Fulaninho 9',2105,{d '1980-01-01'},'99999999999','fulano9@curso.com');

--  servidores
INSERT INTO TB_SERVIDOR (ID,MATRICULA,SITUACAO) VALUES (1,'111','A');
INSERT INTO TB_SERVIDOR (ID,MATRICULA,SITUACAO) VALUES (2,'222','P');
INSERT INTO TB_SERVIDOR (ID,MATRICULA,SITUACAO) VALUES (3,'333','A');
INSERT INTO TB_SERVIDOR (ID,MATRICULA,SITUACAO) VALUES (4,'444','A');
INSERT INTO TB_SERVIDOR (ID,MATRICULA,SITUACAO) VALUES (5,'555','E');

-- dependentes
INSERT INTO TB_DEPENDENTE (ID,ID_SERVIDOR,DT_INICIO) VALUES (6,1,{d '2011-01-01'});
INSERT INTO TB_DEPENDENTE (ID,ID_SERVIDOR,DT_INICIO) VALUES (7,1,{d '2011-01-01'});
INSERT INTO TB_DEPENDENTE (ID,ID_SERVIDOR,DT_INICIO) VALUES (8,2,{d '2011-01-01'});
INSERT INTO TB_DEPENDENTE (ID,ID_SERVIDOR,DT_INICIO) VALUES (9,3,{d '2011-01-01'});

-- servidor-projeto
INSERT INTO TB_PROJETO_SERVIDOR (ID_SERVIDOR,ID_PROJETO) VALUES (1,1);
INSERT INTO TB_PROJETO_SERVIDOR (ID_SERVIDOR,ID_PROJETO) VALUES (1,2);
INSERT INTO TB_PROJETO_SERVIDOR (ID_SERVIDOR,ID_PROJETO) VALUES (1,4);
INSERT INTO TB_PROJETO_SERVIDOR (ID_SERVIDOR,ID_PROJETO) VALUES (3,1);
INSERT INTO TB_PROJETO_SERVIDOR (ID_SERVIDOR,ID_PROJETO) VALUES (3,5);
INSERT INTO TB_PROJETO_SERVIDOR (ID_SERVIDOR,ID_PROJETO) VALUES (4,1);
INSERT INTO TB_PROJETO_SERVIDOR (ID_SERVIDOR,ID_PROJETO) VALUES (4,3);